,State Name,TEMPERATURE (degree Centigrade)-Minimum,TEMPERATURE (degree Centigrade)-Maximum,TEMPERATURE (degree Centigrade)-Mean,pH-Minimum,pH-Maximum,pH-Mean,CONDUCTIVITY (µmhos/cm)-Minimum,CONDUCTIVITY (µmhos/cm)-Maximum,CONDUCTIVITY (µmhos/cm)-Mean,Biochemical oxygen demand (B.O.D.) (mg/l)-Minimum,Biochemical oxygen demand (B.O.D.) (mg/l)-Maximum,Biochemical oxygen demand (B.O.D.) (mg/l)-Mean,NITRATE- N (mg/l)-Minimum,NITRATE- N (mg/l)-Maximum,NITRATE- N (mg/l)-Mean,FECAL COLIFORM (MPN/100ml)-Minimum,FECAL COLIFORM (MPN/100ml)-Maximum,FECAL COLIFORM (MPN/100ml)-Mean,TOTAL COLIFORM (MPN/100ml)-Minimum,TOTAL COLIFORM (MPN/100ml)-Maximum,TOTAL COLIFORM (MPN/100ml)-Mean,State Name STR,Water_Source_Type
0,0.0,22.0,28.0,25.0,6.9,7.3,7.1,164.0,191.0,178.0,0.5,0.5,0.5,0.1,0.4,0.3,1.0,2.0,2.0,16.0,260.0,138.0,ANDHRA PRADESH,Open Well
1,0.0,22.0,26.0,24.0,6.7,7.2,7.0,755.0,1039.0,897.0,0.4,1.2,0.8,1.3,7.0,4.2,1.0,2.0,2.0,8.0,20.0,14.0,ANDHRA PRADESH,Open Well
2,0.0,30.0,30.0,30.0,7.4,7.4,7.4,1101.0,1101.0,1101.0,0.8,0.8,0.8,1.8,1.8,1.8,2.0,2.0,2.0,1100.0,1100.0,1100.0,ANDHRA PRADESH,Open Well
3,0.0,22.0,22.0,22.0,7.9,8.0,8.0,543.0,769.0,656.0,1.7650396103342008,2.4946339820241255,2.133709813978977,1.5,1.5,1.5,2.0,2.0,2.0,50.0,50.0,50.0,ANDHRA PRADESH,Open Well
4,0.0,20.0,25.0,23.0,7.0,7.1,7.1,900.0,1463.0,1182.0,0.3,0.3,0.3,9.0,12.0,10.5,2.0,40.0,21.0,24.0,800.0,412.0,ANDHRA PRADESH,Bore Well
5,0.0,20.0,25.0,23.0,6.9,7.0,7.0,1778.0,3750.0,2764.0,0.3,0.5,0.4,8.4,10.0,9.2,1.0,2.0,2.0,2.0,78.0,40.0,ANDHRA PRADESH,Bore Well
6,0.0,20.0,28.0,24.0,7.1,7.4,7.3,1350.0,1918.0,1634.0,0.4,0.5,0.45,2.7,6.1,4.4,2.0,2.0,2.0,60.0,104.0,82.0,ANDHRA PRADESH,Open Well
7,0.0,20.0,28.0,24.0,7.1,7.4,7.3,778.0,800.0,789.0,0.2,0.5,0.35,8.0,8.0,8.0,2.0,2.0,2.0,20.0,24.0,22.0,ANDHRA PRADESH,Bore Well
8,0.0,22.0,22.0,22.0,7.4,7.7,7.6,645.0,1791.0,1218.0,1.7474144430689476,2.5502602313383083,2.1478184515018235,0.4,2.1,1.3,31.464690750792954,53.56616914504808,41.71552630582475,122.68833235366618,283.53366135197535,196.30413106702864,ANDHRA PRADESH,Bore Well
9,0.0,21.0,21.0,21.0,7.6,7.6,7.6,1211.0,1853.0,1532.0,1.779807896990611,2.5047503235331408,2.1440096186333863,0.6,0.7,0.7,33.31885621146014,49.413287998771615,41.02322080398627,114.9258368659926,288.27267671749695,196.43458344624628,ANDHRA PRADESH,Bore Well
10,0.0,22.0,28.0,25.0,7.2,8.1,7.6,1108.0,1352.0,1197.0,1.7831819312682493,2.5398975597309743,2.157458547915335,2.3,4.4,3.3,2.0,2.0,2.0,70.0,70.0,70.0,ANDHRA PRADESH,Bore Well
11,0.0,30.0,30.0,30.0,7.5,7.5,7.5,1128.0,1128.0,1128.0,1.0,1.0,1.0,1.8,1.8,1.8,2.0,2.0,2.0,1100.0,1100.0,1100.0,ANDHRA PRADESH,Bore Well
12,0.0,30.0,30.0,30.0,7.3,7.4,7.4,1287.0,1653.0,1470.0,0.8,0.8,0.8,1.7,20.7,11.2,2.0,2.0,2.0,1100.0,1100.0,1100.0,ANDHRA PRADESH,Bore Well
13,0.0,25.0,29.0,27.0,7.3,7.8,7.6,1684.0,2360.0,1925.0,1.4,3.6,2.2,0.3,17.3,9.0,2.0,4.0,2.0,800.0,1100.0,1040.0,ANDHRA PRADESH,Bore Well
14,0.0,29.0,32.0,31.0,6.7,7.6,7.2,1241.0,2840.0,2041.0,1.8,4.2,3.0,0.6,11.5,6.1,2.0,2.0,2.0,1100.0,1100.0,1100.0,ANDHRA PRADESH,Bore Well
15,0.0,24.0,26.0,25.0,7.3,7.6,7.4,1492.0,1895.0,1650.0,1.3,2.0,1.6,2.6,14.5,7.4,2.0,4.0,3.0,4.0,14.0,11.0,ANDHRA PRADESH,Bore Well
16,0.0,24.0,26.0,25.0,7.4,7.9,7.7,1440.0,3840.0,2079.0,1.0,1.8,1.4,2.9,13.5,5.8,2.0,6.0,4.0,6.0,21.0,13.0,ANDHRA PRADESH,Bore Well
17,0.0,19.0,26.0,25.0,7.3,7.9,7.6,1063.0,2440.0,1784.0,1.0,2.4,1.6,0.4,25.3,7.9,2.0,110.0,16.0,6.0,1700.0,220.0,ANDHRA PRADESH,Bore Well
18,0.0,20.0,25.0,23.0,7.6,8.3,7.8,625.0,1555.0,1160.0,1.0,3.2,2.1,0.4,13.8,6.4,2.0,140.0,38.0,6.0,1100.0,284.0,ANDHRA PRADESH,Bore Well
19,0.0,28.0,29.0,28.0,7.0,7.4,7.2,3900.0,4700.0,4300.0,1.0,1.1,1.1,37.2,55.5,46.4,3.0,3.0,3.0,460.0,1100.0,780.0,ANDHRA PRADESH,Open Well
20,0.0,28.0,35.0,31.0,7.6,7.9,7.8,217.0,699.0,458.0,1.0,1.0,1.0,2.4,4.4,3.4,0.0,4.0,2.0,240.0,1100.0,670.0,ANDHRA PRADESH,Open Well
21,0.0,27.0,29.0,28.0,7.8,7.8,7.8,212.0,213.0,213.0,1.0,1.0,1.0,0.3,0.6,0.5,0.0,0.0,0.0,3.0,3.0,3.0,ANDHRA PRADESH,Bore Well
22,0.0,26.0,29.0,27.0,7.0,7.9,7.5,2160.0,2640.0,2400.0,0.8,1.0,0.9,6.2,17.2,11.7,0.0,0.0,0.0,3.0,3.0,3.0,ANDHRA PRADESH,Open Well
23,1.0,25.0,29.0,27.0,7.0,7.1,7.1,130.0,148.0,139.0,0.3,1.0,0.7,0.1,0.1,0.1,0.0,0.0,0.0,1.0,1.0,1.0,ASSAM,Ground Water
24,1.0,24.0,26.0,25.0,6.7,6.9,6.8,315.0,334.0,325.0,1.8,3.5,2.7,0.1,0.1,0.1,0.0,0.0,0.0,360.0,360.0,360.0,ASSAM,Ground Water
25,1.0,22.0,24.0,23.0,5.9,6.6,6.3,220.0,239.0,230.0,1.8,4.8,3.3,0.1,0.1,0.1,0.0,0.0,0.0,1.0,360.0,181.0,ASSAM,Ground Water
26,1.0,24.0,24.0,24.0,6.2,6.2,6.2,280.0,280.0,280.0,5.6,5.6,5.6,0.1,0.1,0.1,0.0,0.0,0.0,1.0,1.0,1.0,ASSAM,Ground Water
27,1.0,20.0,22.0,21.0,6.4,6.9,6.7,145.0,154.0,150.0,2.0,2.0,2.0,0.2,0.3,0.25,0.0,0.0,0.0,1.0,300.0,151.0,ASSAM,Ground Water
28,1.0,12.0,13.0,12.0,5.2,5.8,5.5,102.0,114.0,108.0,0.8,4.9,2.9,0.1,5.2,2.65,0.0,0.0,0.0,360.0,910.0,635.0,ASSAM,Ground Water
29,1.0,27.0,28.0,27.0,7.1,7.9,7.5,510.0,578.0,544.0,0.4,2.6,1.5,0.1,0.8,0.45,0.0,360.0,180.0,1.0,2800.0,1401.0,ASSAM,Ground Water
30,1.0,25.0,28.0,27.0,6.1,7.1,6.6,295.0,304.0,300.0,1.2,1.7,1.5,5.1,11.8,8.45,0.0,0.0,0.0,1.0,360.0,181.0,ASSAM,Ground Water
31,1.0,20.0,27.0,24.0,7.2,7.8,7.5,141.0,758.0,450.0,2.1,3.7,2.9,0.2,0.3,0.25,0.0,0.0,0.0,1.0,1.0,1.0,ASSAM,Ground Water
32,1.0,22.0,27.0,25.0,6.8,6.8,6.8,850.0,1001.0,926.0,0.9,3.0,2.0,0.2,2.9,1.55,0.0,0.0,0.0,360.0,360.0,360.0,ASSAM,Ground Water
33,1.0,18.0,26.0,22.0,6.0,6.1,6.1,350.0,351.0,351.0,0.8,1.0,0.9,0.3,1.4,0.85,0.0,0.0,0.0,1.0,1.0,1.0,ASSAM,Ground Water
34,1.0,21.0,24.0,23.0,6.5,7.2,6.9,290.0,310.0,300.0,1.6,3.0,2.3,0.1,0.1,0.1,0.0,0.0,0.0,1.0,300.0,151.0,ASSAM,Ground Water
35,1.0,20.0,20.0,20.0,6.6,6.6,6.6,126.0,126.0,126.0,0.6,0.6,0.6,0.4,0.4,0.4,0.0,0.0,0.0,1.0,1.0,1.0,ASSAM,Ground Water
36,1.0,17.0,23.0,20.0,6.9,7.4,7.2,424.0,467.0,446.0,1.1,2.1,1.6,0.2,0.2,0.2,0.0,0.0,0.0,1.0,1.0,1.0,ASSAM,Ground Water
37,1.0,17.0,23.0,20.0,6.5,6.7,6.6,111.0,121.0,116.0,0.4,4.6,2.5,0.1,0.1,0.1,0.0,0.0,0.0,1.0,1.0,1.0,ASSAM,Ground Water
38,1.0,17.0,23.0,20.0,6.9,7.2,7.1,330.0,369.0,350.0,1.5,1.5,1.5,0.1,11.8,5.95,0.0,0.0,0.0,1.0,1.0,1.0,ASSAM,Ground Water
39,1.0,23.0,24.0,24.0,6.8,7.5,7.2,120.0,136.0,128.0,0.7,1.3,1.0,0.1,0.6,0.35,0.0,0.0,0.0,1.0,1.0,1.0,ASSAM,Ground Water
40,1.0,27.0,28.0,27.0,6.5,7.2,6.9,410.0,503.0,457.0,1.8,2.3,2.1,0.1,0.1,0.1,0.0,0.0,0.0,1.0,360.0,181.0,ASSAM,Ground Water
41,1.0,25.0,28.0,27.0,6.7,7.1,6.9,2350.0,2810.0,2580.0,0.8,3.0,1.9,0.1,1.4,0.75,0.0,360.0,180.0,1.0,910.0,456.0,ASSAM,Ground Water
42,1.0,25.0,28.0,26.0,6.5,7.1,6.8,280.0,2810.0,1545.0,0.7,3.0,1.9,0.1,1.5,0.8,360.0,360.0,360.0,910.0,910.0,910.0,ASSAM,Ground Water
43,1.0,20.0,26.0,23.0,7.5,7.7,7.6,240.0,264.0,252.0,2.2,2.9,2.6,0.1,0.1,0.1,0.0,0.0,0.0,1.0,1.0,1.0,ASSAM,Ground Water
44,1.0,25.0,27.0,26.0,7.1,8.2,7.7,435.0,455.0,445.0,0.6,0.6,0.6,0.1,0.3,0.2,0.0,730.0,365.0,1.0,1500.0,751.0,ASSAM,Ground Water
45,1.0,25.0,29.0,27.0,5.8,7.5,6.7,125.0,133.0,129.0,0.6,2.8,1.7,0.4,1.3,0.85,0.0,0.0,0.0,1.0,300.0,151.0,ASSAM,Ground Water
46,1.0,27.0,29.0,28.0,6.1,7.9,7.0,450.0,482.0,466.0,0.9,1.5,1.2,0.1,0.1,0.1,0.0,0.0,0.0,1.0,1.0,1.0,ASSAM,Ground Water
47,1.0,28.0,30.0,29.0,6.3,6.7,6.5,410.0,427.0,419.0,0.4,0.8,0.6,0.1,0.1,0.1,0.0,0.0,0.0,1.0,1.0,1.0,ASSAM,Ground Water
48,1.0,23.0,25.0,24.0,6.3,7.9,7.1,435.0,452.0,444.0,0.7,0.8,0.8,0.3,0.7,0.5,0.0,0.0,0.0,1.0,360.0,181.0,ASSAM,Ground Water
49,1.0,22.0,27.0,25.0,6.6,7.4,7.0,1150.0,1291.0,1221.0,1.0,1.5,1.3,0.1,0.1,0.1,0.0,0.0,0.0,360.0,910.0,635.0,ASSAM,Ground Water
50,1.0,20.0,20.0,20.0,6.5,6.5,6.5,121.0,121.0,121.0,1.0,1.0,1.0,0.1,0.1,0.1,0.0,0.0,0.0,1.0,1.0,1.0,ASSAM,Ground Water
51,1.0,10.0,28.0,19.0,7.1,7.3,7.2,170.0,179.0,175.0,1.6,2.0,1.8,0.1,0.1,0.1,0.0,0.0,0.0,1.0,1.0,1.0,ASSAM,Ground Water
52,1.0,11.0,11.0,11.0,6.8,7.1,7.0,430.0,470.0,450.0,0.3,0.4,0.4,0.1,0.1,0.1,0.0,0.0,0.0,1.0,1500.0,751.0,ASSAM,Ground Water
53,1.0,12.0,25.0,18.0,6.2,8.0,7.1,320.0,335.0,328.0,1.4,1.7,1.6,0.1,0.1,0.1,0.0,0.0,0.0,1.0,910.0,456.0,ASSAM,Ground Water
54,1.0,12.0,27.0,19.0,6.7,8.2,7.5,850.0,3940.0,2395.0,1.2,6.6,3.9,0.1,0.1,0.1,0.0,0.0,0.0,360.0,730.0,545.0,ASSAM,Ground Water
55,12.0,18.0,23.0,20.0,5.7,8.0,6.7,386.0,464.0,424.0,1.2,2.7,1.6,1.5569955801336377,7.318968363858137,4.221224745557381,32.5950745077958,52.36036866516554,41.59073329407456,7.0,15.0,10.0,MIZORAM,Ground Water
56,12.0,17.0,22.0,20.0,6.1,6.9,6.5,428.0,720.0,594.0,1.4,2.1,1.7,2.3838663617216738,5.318836825919613,3.8968012317381104,33.216687238648646,47.663144167800795,40.22027094152126,7.0,19.0,13.0,MIZORAM,Ground Water
57,11.0,28.0,28.0,28.0,7.0,7.0,7.0,115.0,115.0,115.0,1.7985493349420114,2.4361398572201507,2.1246378445850693,3.133909241621366,4.400173917398498,3.7456840245003824,28.907219718961233,62.280227403785894,44.77910264449513,120.60630181919267,249.68613160198447,184.70560186966426,MANIPUR,Ground Water
58,11.0,21.0,21.0,21.0,6.7,6.7,6.7,20.0,20.0,20.0,1.802303087424035,2.4427255031971873,2.126242607508108,3.278671362273604,3.766724266447567,3.633770099696325,37.18568563031937,50.56928908083057,43.27678380286579,82.86889194095458,297.9532865513468,186.88872521342304,MANIPUR,Ground Water
59,11.0,28.0,28.0,28.0,6.5,6.5,6.5,557.0,557.0,557.0,1.8036322093771566,2.430990759672597,2.1229405130468106,3.092503531909581,4.421152904631404,3.754279121571609,29.243298404743225,63.00309980186642,45.26590689030229,122.91569933521679,247.55121387712296,185.1197665300381,MANIPUR,Ground Water
60,11.0,29.0,29.0,29.0,7.1,7.1,7.1,367.0,367.0,367.0,1.8001084673884653,2.4343447016444784,2.123965099755175,3.2511562397915887,4.373011614298562,3.7331118041096913,21.81309580006188,66.39985259912885,42.99425671059303,30.0,30.0,30.0,MANIPUR,Ground Water
61,18.0,25.0,29.0,27.0,6.7,7.6,7.3,460.0,562.0,523.0,1.7210029090634642,2.516077994011644,2.1179878326778874,0.03,1.05,0.3,0.0,0.0,0.0,0.0,0.0,0.0,TRIPURA,Open Well
62,18.0,25.0,28.0,27.0,6.5,7.9,7.5,265.0,380.0,302.0,1.6262637501242903,2.5704429945636558,2.1068333840945765,0.0,0.12,0.05,0.0,0.0,0.0,0.0,0.0,0.0,TRIPURA,Open Well
63,18.0,26.0,28.0,27.0,5.9,6.2,6.1,160.0,165.0,162.0,1.7688907981234803,2.459343762029828,2.11951456170903,0.0,0.04,0.02,0.0,0.0,0.0,0.0,0.0,0.0,TRIPURA,Ground Water
64,18.0,27.0,28.0,27.0,6.9,7.3,7.0,55.0,62.0,58.0,1.8515458060171885,2.4309943310478865,2.1378893424060648,2.8493050204514434,4.792620963041032,3.7513827284756194,0.0,0.0,0.0,0.0,0.0,0.0,TRIPURA,Ground Water
65,18.0,26.0,27.0,27.0,6.4,6.7,6.5,85.0,95.0,90.0,1.812127600517987,2.4631538074978625,2.1357920687501366,0.0,0.02,0.01,0.0,0.0,0.0,0.0,0.0,0.0,TRIPURA,Ground Water
66,18.0,27.0,28.0,27.0,6.5,6.6,6.5,140.0,151.0,147.0,1.829765978222211,2.414542953061811,2.1261331999468203,2.9924746184593225,4.42897023498177,3.6889827570343914,0.0,0.0,0.0,0.0,0.0,0.0,TRIPURA,Ground Water
67,18.0,26.0,28.0,27.0,6.9,7.1,7.0,145.0,152.0,148.0,1.7956666101212064,2.4408641923154026,2.1243785330229157,2.9088554842907692,4.70002541801643,3.721256020971732,0.0,0.0,0.0,0.0,0.0,0.0,TRIPURA,Ground Water
68,4.0,23.0,28.0,26.0,7.2,7.9,7.5,390.0,1243.0,891.0,0.4,0.8,0.7,2.6,33.0,17.8,-8.190507911628528,94.670521007188,40.75546275397378,5.0,5.0,5.0,CHHATTISGARH,Ground Water
69,4.0,20.0,32.0,27.0,7.4,8.1,7.9,298.0,3560.0,2336.0,0.9,3.6,2.3,0.3,20.0,10.2,-11.526079065256539,87.36813615508251,38.79412759349525,4.0,50.0,22.0,CHHATTISGARH,Ground Water
70,4.0,27.0,30.0,29.0,7.9,8.3,8.1,1835.0,1976.0,1906.0,0.1,0.1,0.1,50.0,50.0,50.0,24.394213222057015,55.38584608542362,39.60178189782105,188.09337271068455,161.2085717872817,176.3561039917247,CHHATTISGARH,Ground Water
71,4.0,28.0,30.0,29.0,7.7,8.4,8.1,1872.0,2215.0,2044.0,0.1,0.1,0.1,50.0,50.0,50.0,24.141674147012907,56.493651423854914,40.08545959968288,190.43336417765647,156.2599927286948,176.26081416820227,CHHATTISGARH,Ground Water
72,9.0,28.0,28.0,28.0,7.5,7.5,7.5,450.0,450.0,450.0,2.1,2.1,2.1,3.349697147720163,4.505735213903395,3.8304604596567313,20.60125193065236,64.62841850257723,41.668123682215494,16.0,16.0,16.0,MADHYA PRADESH,Bore Well
73,9.0,27.0,27.0,27.0,7.2,7.2,7.2,380.0,380.0,380.0,1.5,1.5,1.5,3.4457300260409767,4.299118255594641,3.7825077810927197,22.772248505833723,62.52232117943322,41.76529640566721,17.0,17.0,17.0,MADHYA PRADESH,Bore Well
74,9.0,18.0,18.0,18.0,6.9,7.4,7.2,620.0,1310.0,965.0,2.2,2.2,2.2,0.3,1.4,0.85,40.323650084583974,43.81858333286793,41.537128197652905,72.2226195870208,325.0650845121963,191.75191830898038,MADHYA PRADESH,Ground Water
75,9.0,22.0,38.0,30.0,7.4,7.6,7.5,1328.0,1650.0,1489.0,1.0,1.0,1.0,0.8,0.9,0.85,28.122672489450224,57.13660916900075,42.24094902930447,120.45412737964106,260.6509271834201,188.56712955027828,MADHYA PRADESH,Ground Water
76,9.0,27.0,30.0,28.0,7.0,8.0,7.5,898.0,1071.0,972.0,0.6,1.0,0.8,0.1,30.0,15.7,-4.613087304461658,97.67041851036447,43.11557059082537,2.0,10.0,7.0,MADHYA PRADESH,Bore Well
77,9.0,24.0,24.0,24.0,7.8,7.8,7.8,924.0,924.0,924.0,1.1,1.1,1.1,5.3,5.3,5.3,27.682554801317718,52.259239556951194,39.64170043032706,11.0,11.0,11.0,MADHYA PRADESH,Ground Water
78,9.0,24.0,24.0,24.0,7.7,7.7,7.7,1024.0,1024.0,1024.0,1.0,1.0,1.0,8.2,8.2,8.2,27.3784803654365,52.624075573648064,39.62792281714467,11.0,11.0,11.0,MADHYA PRADESH,Ground Water
79,9.0,25.72978637301186,27.04172426112818,26.471725736965602,7.6,7.6,7.6,2650.0,2650.0,2650.0,1.7939718811627394,2.444245468364938,2.1269142208086538,2.9,2.9,2.9,31.411130766244636,53.37942780266064,42.23182177417918,118.89511197096208,262.0008618673593,189.84270809916774,MADHYA PRADESH,Ground Water
80,9.0,25.67957655191112,27.101841961419478,26.463778192121037,7.6,7.6,7.6,1250.0,1250.0,1250.0,1.7879430866043458,2.4520501931652494,2.1286662233153995,2.7,2.7,2.7,30.87045297313658,55.24423001896724,42.76283607570682,115.6121765199333,261.4444748638658,187.91784872899078,MADHYA PRADESH,Ground Water
81,9.0,25.683775331849798,27.111572978679696,26.49810126506085,8.0,8.0,8.0,2490.0,2490.0,2490.0,1.7882693226839745,2.4520125249883415,2.1293036284216793,1.2,1.2,1.2,31.285313841120868,52.653110123306035,41.8475657341125,115.67630778686696,267.21689668566387,190.3904466149749,MADHYA PRADESH,Ground Water
82,9.0,25.70270672592794,27.062353763419154,26.44014472095709,7.3,7.3,7.3,948.0,948.0,948.0,1.790845788780239,2.447618435568014,2.127149001297315,4.3,4.3,4.3,30.78278941541308,56.3352433657188,43.193126872723724,117.47157310310526,256.6238242245081,186.79587447594406,MADHYA PRADESH,Ground Water
83,9.0,26.0,30.0,28.0,7.0,8.0,7.6,986.0,2084.0,1370.0,0.4,1.6,0.9,0.1,27.1,6.5,3.3369788600320787,89.76108596445468,42.11167470725274,4.0,8.0,5.0,MADHYA PRADESH,Ground Water
84,9.0,26.0,30.0,28.0,7.0,8.0,7.6,82.0,3746.0,2295.0,1.0,2.8,1.4,0.1,4.9,2.9,7.723808346500821,75.23184401688806,41.282960004046615,3.0,60.0,12.0,MADHYA PRADESH,Ground Water
85,9.0,26.0,30.0,28.0,6.9,7.8,7.2,730.0,4772.0,2491.0,0.8,1.2,1.0,0.1,40.0,6.6,-6.3114856239316754,101.68029386168982,41.58798384980763,2.0,9.0,5.0,MADHYA PRADESH,Ground Water
86,7.0,26.0,27.0,27.0,7.4,8.3,7.9,682.0,1750.0,1216.0,1.746531087064823,2.5656011513277277,2.148653548724254,2.6799431351327336,5.746463544933674,4.016109994521534,9.0,9.0,9.0,11.0,11.0,11.0,HIMACHAL PRADESH,Ground Water
87,7.0,23.0,25.0,24.0,7.1,7.5,7.3,180.0,632.0,406.0,1.7861087734289498,2.498451302480531,2.1402971689433574,2.943354997348818,4.998071425858321,3.883718337474335,7.0,7.0,7.0,10.0,10.0,10.0,HIMACHAL PRADESH,Ground Water
88,7.0,22.0,24.0,23.0,7.4,8.4,7.9,480.0,789.0,635.0,1.792618345063717,2.5306480024048605,2.148059565998187,2.4935324375414862,5.7379910795410325,4.0023882133012245,33.390034966081814,53.54142952163173,42.22811358021834,110.56633799606145,289.65822400151114,191.12733201743427,HIMACHAL PRADESH,Ground Water
89,7.0,26.0,27.0,26.0,7.6,8.2,7.9,407.0,1620.0,1014.0,1.774747519171351,2.538269401395253,2.151510622051367,2.7746813457382062,5.548818225367633,4.010198238016139,29.041543371609446,59.00054658831592,43.041363363185624,126.24736996886783,262.7054507600693,189.86416152961368,HIMACHAL PRADESH,Ground Water
90,7.0,26.0,27.0,26.0,7.3,8.8,8.1,414.0,532.0,473.0,1.783163040773088,2.5359578746128637,2.1418759419564775,2.1209707284652395,6.377689035066265,4.086136476403489,29.674177759057155,60.41870526405307,43.540692036046316,130.634881263902,264.958317470618,189.98095908317725,HIMACHAL PRADESH,Ground Water
91,7.0,26.0,27.0,26.0,7.8,9.1,8.5,1196.0,1620.0,1408.0,1.7738120475333778,2.5394337197790477,2.143620572456478,2.331595962152099,6.020960240801214,4.033970705446382,29.685245043247644,57.773201123594674,42.54642687382943,129.64004501996095,266.8462464455657,191.23377863272242,HIMACHAL PRADESH,Ground Water
92,7.0,24.0,24.0,24.0,6.7,6.7,6.7,950.0,950.0,950.0,0.2,0.2,0.2,3.5543735256395124,3.8300645652234495,3.7167710444900375,9.0,9.0,9.0,110.0,110.0,110.0,HIMACHAL PRADESH,Ground Water
93,7.0,27.0,30.0,29.0,7.0,7.3,7.2,937.0,1290.0,1114.0,1.758700807129414,2.4983179201151593,2.1316037702773687,2.7195606156888785,5.665915479782197,4.00485899149165,26.846047627785847,63.517431602472456,43.89960617381784,141.10624965947738,247.1493326161067,189.1779525859068,HIMACHAL PRADESH,Ground Water
94,7.0,12.0,15.0,13.0,7.0,8.5,7.8,404.0,609.0,507.0,8.0,11.2,9.6,0.6877646412023544,6.689621792608453,4.140214102885309,90.0,90.0,90.0,350.0,350.0,350.0,HIMACHAL PRADESH,Ground Water
95,7.0,16.0,20.0,18.0,5.8,6.0,5.9,240.0,262.0,251.0,0.1,0.1,0.1,3.1249006927859058,4.370792153231581,3.7793618921850025,4.0,6.0,5.0,94.0,420.0,257.0,HIMACHAL PRADESH,Ground Water
96,7.0,13.0,19.0,16.0,7.8,7.8,7.8,266.0,319.0,293.0,1.7797350022335054,2.4824661232635914,2.1368296458002236,3.103088104875883,4.480458777524981,3.774503023876514,41.58192833399259,39.18274733245812,39.620006116482536,67.29383689734823,341.8274134369049,192.66567012377016,HIMACHAL PRADESH,Ground Water
97,7.0,20.0,21.0,21.0,7.4,8.1,7.8,472.0,635.0,554.0,1.7684111539800926,2.5193928361865723,2.1374409726488217,2.824827732334024,4.894662462927439,3.849939241296241,35.92668289734493,49.0414168026799,41.526610450768366,96.17924510586214,304.34863586139215,191.50670187999867,HIMACHAL PRADESH,Ground Water
98,7.0,25.0,25.0,25.0,7.3,7.3,7.3,507.0,507.0,507.0,1.7984813545561702,2.4464955835932107,2.1282223337606236,3.2649880743173356,4.137712160143238,3.735017155271155,30.872705646756884,56.89947205604035,43.20550590711237,117.19041950158238,265.94125546463926,188.83022419040145,HIMACHAL PRADESH,Ground Water
99,7.0,26.0,27.0,26.0,7.2,7.6,7.4,318.0,625.0,472.0,1.7964185742429268,2.47730070500254,2.1359296063266697,2.8645648186147987,5.074432637267281,3.898749922418511,29.4084645497499,60.1575880432025,43.77803622715865,126.36929111353514,258.7167228564622,188.73013126282848,HIMACHAL PRADESH,Ground Water
100,7.0,26.0,28.0,27.0,7.1,7.5,7.3,1277.0,1670.0,1474.0,1.7905845540658523,2.4895947198576063,2.1381242616848684,2.7910608556488232,5.325486276762358,3.9500352527768627,28.967780490535564,60.046941446206745,43.44979677075036,132.38397876698076,257.03991010634996,190.1111596707812,HIMACHAL PRADESH,Ground Water
101,7.0,25.0,27.0,26.0,7.3,7.5,7.4,520.0,674.0,597.0,1.7900542639464159,2.4671149184591354,2.132712001817779,3.0812501033339625,4.744675800382773,3.8252495771847816,8.0,8.0,8.0,10.0,10.0,10.0,HIMACHAL PRADESH,Ground Water
102,7.0,23.0,25.0,24.0,7.1,7.2,7.2,548.0,735.0,642.0,1.7682419568309888,2.4693003138778447,2.1257022473796887,3.143422981776678,4.459442231101211,3.775486009026345,7.0,7.0,7.0,12.0,12.0,12.0,HIMACHAL PRADESH,Ground Water
103,7.0,26.0,26.0,26.0,7.8,7.9,7.9,611.0,828.0,720.0,1.7669524637560825,2.468883575636022,2.126588233516624,3.2159814724492866,4.302915184271067,3.755783984486969,29.50593967704379,57.20283680020603,42.717176254515486,121.6479014524745,262.16818604849846,189.09457667569117,HIMACHAL PRADESH,Ground Water
104,7.0,26.0,26.0,26.0,7.6,8.2,7.9,504.0,776.0,640.0,1.7937362057205666,2.496618533608933,2.1404271139063815,2.861100245025951,5.050458673550583,3.891710694966557,29.617819275178896,58.26579230291612,42.99650034833385,124.29180658213791,263.78441364163416,189.44905092071062,HIMACHAL PRADESH,Ground Water
105,3.0,24.0,25.0,25.0,6.9,7.6,7.3,844.0,1011.0,928.0,0.1,0.1,0.1,7.8,8.2,8.0,30.5504620436235,55.07852768241429,42.31037920992915,124.81562900114282,262.8368446459416,191.1778013125222,CHANDIGARH,Ground Water
106,3.0,24.0,25.0,25.0,6.9,7.4,7.2,871.0,973.0,922.0,0.6,0.7,0.7,7.0,9.1,8.05,29.978749742314996,57.14881449921653,42.55341494512507,131.01049669888755,263.8610417706302,191.80402870979944,CHANDIGARH,Ground Water
107,3.0,25.251361489672956,27.482232446157372,26.463032455513517,7.187387833202566,7.52166910847365,7.369292585432113,1151.7799929791026,1604.4324707491683,1377.9586954579472,1.779403684809008,2.5012694924453145,2.1392998498825815,2.8638010682697157,5.394841825485806,4.002793947330298,27.93002323045373,60.24808021321538,42.961782425202486,141.8188822525757,255.06245427025726,192.61958278647674,CHANDIGARH,Ground Water
108,3.0,24.0,24.0,24.0,7.3,7.9,7.6,630.0,752.0,691.0,0.1,0.4,0.3,6.3,7.8,7.05,30.86860757254742,55.19159815713212,42.28105339172,122.74793438470876,270.33555048248326,191.97606146509605,CHANDIGARH,Ground Water
109,3.0,24.0,25.0,25.0,6.9,7.5,7.2,833.0,940.0,887.0,0.2,0.3,0.3,6.4,7.3,6.85,30.439495039990724,55.90070685259396,42.50471484448814,125.4367377682491,265.1471035020526,191.68483446214188,CHANDIGARH,Ground Water
110,3.0,24.0,25.0,24.0,6.9,7.2,7.1,966.0,1104.0,1058.0,0.4,0.4,0.4,8.9,9.3,9.17,30.804912594000886,55.3710368446633,42.57495205890481,127.14162070921613,262.5622925756693,190.88759194370192,CHANDIGARH,Ground Water
111,3.0,24.0,25.0,25.0,7.0,7.4,7.2,1037.0,1056.0,1047.0,0.1,0.2,0.2,5.3,9.5,7.4,29.57768591104201,58.898292756735806,42.686691829363326,133.18399157592313,272.8072896825456,193.70480429275037,CHANDIGARH,Ground Water
112,15.0,28.0,28.0,28.0,7.1,7.2,7.2,1140.0,1460.0,1300.0,1.7646736385314488,2.45898429188068,2.12187262869761,1.6,1.8,1.7,31.385448606569103,57.81743023706,44.338664449108094,105.0083328058633,258.3825933485959,183.92583028301172,PUNJAB,Ground Water
113,15.0,26.117280825956477,26.662701558149823,26.405309573629296,7.1,7.1,7.1,1385.0,1385.0,1385.0,1.8129996480490937,2.3949926477699823,2.1126458333934064,19.0,19.0,19.0,32.666746673274645,53.76923253354755,42.961724800419006,116.31180673738872,237.10258770363384,178.68793639502982,PUNJAB,Ground Water
114,15.0,25.917740769367317,26.936094097976675,26.469229281598402,7.2,7.2,7.2,550.0,550.0,550.0,1.7893367537451916,2.442092355879679,2.1249933575879663,2.1,2.1,2.1,33.137258276049735,55.318808644261296,43.93005983502472,95.176062537602,269.5540640937734,183.2932513354743,PUNJAB,Ground Water
115,15.0,25.912515980271493,26.942700699975994,26.469394600688474,7.2,7.2,7.2,455.0,455.0,455.0,1.788713285561262,2.4430860100328213,2.125234793434156,1.9,1.9,1.9,33.10978741779668,55.453008269245096,43.974785262222085,94.7428738589061,269.87481583526653,183.22600495371447,PUNJAB,Ground Water
116,15.0,25.909613613868093,26.94890461747509,26.47463210923012,7.3,7.3,7.3,516.0,516.0,516.0,1.7883096788126398,2.4431938325020255,2.1253701236191382,2.0,2.0,2.0,33.09209393735412,55.11591970699458,43.81660674660073,94.75128452944394,270.2371228955974,183.3282557201066,PUNJAB,Ground Water
117,15.0,25.919577559915165,26.933713402119977,26.469006745088986,7.2,7.2,7.2,575.0,575.0,575.0,1.7895552925548375,2.441712961055646,2.12489868391764,2.2,2.2,2.2,33.142145309747754,55.2815468074819,43.9160814123628,95.34352331190969,269.37856514121665,183.29484671620907,PUNJAB,Ground Water
118,8.0,27.0,29.0,28.0,5.3,7.1,6.0,130.0,294.0,206.0,0.3,2.0,0.8,1.5,12.6,5.5,0.0,560.0,131.0,10.0,1320.0,432.0,KERALA,Open Well
119,8.0,27.0,28.0,28.0,5.7,5.7,5.7,110.0,126.0,118.0,0.4,0.8,0.6,0.6,4.0,2.3,19.930192886820542,71.7326048270852,44.37097647083813,20.0,60.0,40.0,KERALA,Open Well
120,8.0,28.0,29.0,28.0,6.7,7.5,7.1,305.0,329.0,317.0,0.7,0.9,0.8,8.5,16.0,12.3,0.0,480.0,240.0,620.0,740.0,680.0,KERALA,Open Well
121,8.0,26.0,26.0,26.0,5.6,5.8,5.7,190.0,340.0,265.0,0.3,0.6,0.45,1.6,8.0,4.8,16.221921815713262,77.3125148427205,45.07309315949051,0.0,180.0,90.0,KERALA,Ground Water
122,8.0,26.0,26.0,26.0,6.1,6.4,6.3,420.0,560.0,490.0,0.4,0.5,0.45,1.7,8.0,4.9,18.0713485603544,71.40924952085209,43.23470205134586,0.0,50.0,25.0,KERALA,Ground Water
123,8.0,27.0,29.0,28.0,4.4,4.9,4.7,171.0,210.0,191.0,0.6,0.8,0.7,8.5,16.0,12.3,0.0,100.0,50.0,60.0,160.0,110.0,KERALA,Ground Water
124,8.0,28.0,29.0,29.0,7.4,7.5,7.5,170.0,180.0,175.0,0.2,1.2,0.7,0.1,3.8,2.0,0.0,250.0,125.0,80.0,750.0,415.0,KERALA,Ground Water
125,8.0,28.0,29.0,28.0,7.8,8.0,7.9,383.0,430.0,407.0,0.5,0.5,0.5,0.5,3.2,1.9,26.249219550241396,60.277197732978664,42.6181469967484,100.0,140.0,120.0,KERALA,Ground Water
126,8.0,28.0,28.0,28.0,5.6,6.7,6.2,155.0,183.0,169.0,0.5,0.6,0.6,3.0,3.2,3.1,0.0,50.0,25.0,0.0,270.0,135.0,KERALA,Ground Water
127,8.0,28.0,28.0,28.0,4.9,5.4,5.2,139.0,162.0,151.0,0.3,0.5,0.4,1.6,9.0,5.3,0.0,10.0,5.0,0.0,140.0,70.0,KERALA,Ground Water
128,8.0,26.0,28.0,27.0,5.7,6.9,6.3,106.0,128.0,117.0,0.5,2.0,1.3,1.6,3.2,2.4,0.0,120.0,60.0,40.0,380.0,210.0,KERALA,Ground Water
129,8.0,26.0,28.0,27.0,5.7,6.0,5.9,280.0,370.0,325.0,1.0,1.6,1.3,1.7,4.8,3.3,0.0,800.0,400.0,40.0,1233.0,637.0,KERALA,Ground Water
130,8.0,26.0,29.0,28.0,5.8,6.6,6.2,109.0,153.0,131.0,0.2,0.6,0.4,1.2,7.2,4.2,0.0,60.0,30.0,40.0,190.0,115.0,KERALA,Ground Water
131,8.0,30.0,30.0,30.0,4.4,4.7,4.6,83.0,104.0,94.0,0.6,1.2,0.9,4.6,12.0,8.3,0.0,100.0,50.0,80.0,400.0,240.0,KERALA,Ground Water
132,8.0,29.0,29.0,29.0,5.6,5.7,5.7,140.0,178.0,159.0,0.1,1.6,0.9,4.0,8.0,6.0,0.0,480.0,240.0,440.0,850.0,645.0,KERALA,Ground Water
133,8.0,28.0,28.0,28.0,5.7,5.7,5.7,197.0,197.0,197.0,0.4,0.4,0.4,2.9,2.9,2.9,11.0,11.0,11.0,24.0,24.0,24.0,KERALA,Ground Water
134,8.0,27.0,27.0,27.0,5.8,5.8,5.8,82.0,82.0,82.0,0.5,0.5,0.5,4.7,4.7,4.7,110.0,110.0,110.0,170.0,170.0,170.0,KERALA,Ground Water
135,8.0,28.0,28.0,28.0,6.0,6.0,6.0,95.0,95.0,95.0,0.9,0.9,0.9,4.2,4.2,4.2,8.0,8.0,8.0,17.0,17.0,17.0,KERALA,Ground Water
136,8.0,28.0,28.0,28.0,4.8,4.8,4.8,159.0,159.0,159.0,0.7,0.7,0.7,0.1,0.1,0.1,14.0,14.0,14.0,22.0,22.0,22.0,KERALA,Ground Water
137,8.0,28.0,28.0,28.0,7.3,7.3,7.3,183.0,183.0,183.0,0.5,0.5,0.5,0.1,0.1,0.1,300.0,300.0,300.0,600.0,600.0,600.0,KERALA,Ground Water
138,8.0,27.0,27.0,27.0,7.3,7.3,7.3,306.0,306.0,306.0,0.7,0.7,0.7,7.5,7.5,7.5,200.0,200.0,200.0,300.0,300.0,300.0,KERALA,Ground Water
139,8.0,28.0,28.0,28.0,7.6,7.6,7.6,464.0,464.0,464.0,0.6,0.6,0.6,9.6,9.6,9.6,60.0,60.0,60.0,100.0,100.0,100.0,KERALA,Ground Water
140,8.0,28.0,28.0,28.0,4.1,4.1,4.1,52.0,52.0,52.0,0.9,0.9,0.9,2.5,2.5,2.5,0.0,0.0,0.0,50.0,50.0,50.0,KERALA,Ground Water
141,8.0,28.0,28.0,28.0,6.5,6.5,6.5,373.0,373.0,373.0,1.5,1.5,1.5,2.5,2.5,2.5,140.0,140.0,140.0,1300.0,1300.0,1300.0,KERALA,Ground Water
142,8.0,26.0,26.0,26.0,5.6,5.6,5.6,164.0,164.0,164.0,0.6,0.6,0.6,1.7,1.7,1.7,333.0,333.0,333.0,866.0,866.0,866.0,KERALA,Ground Water
143,8.0,28.0,28.0,28.0,5.8,5.8,5.8,530.0,530.0,530.0,1.0,1.0,1.0,8.5,8.5,8.5,120.0,120.0,120.0,370.0,370.0,370.0,KERALA,Ground Water
144,8.0,25.0,25.0,25.0,4.8,4.8,4.8,240.0,240.0,240.0,0.9,0.9,0.9,6.1,6.1,6.1,580.0,580.0,580.0,1240.0,1240.0,1240.0,KERALA,Ground Water
145,8.0,27.0,27.0,27.0,6.0,6.0,6.0,200.0,200.0,200.0,0.2,0.2,0.2,1.0,1.0,1.0,240.0,240.0,240.0,650.0,650.0,650.0,KERALA,Ground Water
146,8.0,28.0,28.0,28.0,7.2,7.2,7.2,270.0,270.0,270.0,1.5,1.5,1.5,0.1,0.1,0.1,0.0,0.0,0.0,0.0,0.0,0.0,KERALA,Ground Water
147,8.0,27.0,27.0,27.0,7.2,7.2,7.2,952.0,952.0,952.0,0.7,0.7,0.7,1.4,1.4,1.4,12.0,12.0,12.0,300.0,300.0,300.0,KERALA,Ground Water
148,17.0,30.0,31.0,30.0,6.9,7.3,7.1,1800.0,1919.0,1850.0,0.2,0.6,0.3,0.3,1.5,0.83,78.0,270.0,166.0,140.0,400.0,260.0,TAMIL NADU,Open Well
149,17.0,30.0,30.0,30.0,7.3,7.3,7.3,780.0,780.0,780.0,1.9,1.9,1.9,0.1,0.1,0.1,2.0,2.0,2.0,7.0,7.0,7.0,TAMIL NADU,Open Well
150,14.0,27.0,27.0,27.0,6.9,6.9,6.9,1958.0,1958.0,1958.0,1.7995032603602608,2.433018874780827,2.123136056867032,0.3,0.3,0.3,32.75842540744138,55.90983760164303,44.12214051246859,103.74290778952677,265.1964904274289,186.09823009782292,PONDICHERRY,Open Well
151,14.0,28.0,32.0,30.0,6.8,7.4,7.1,1087.0,1100.0,1094.0,1.7789488229123442,2.4883650620757853,2.1348154728383077,0.1,0.1,0.1,29.455791754600256,60.945370132930115,44.84219954257426,114.80487095758606,248.7355618613201,184.08001290677674,PONDICHERRY,Open Well
152,14.0,29.0,30.0,30.0,6.5,6.9,6.7,496.0,602.0,549.0,1.7851193046662175,2.4758361016839667,2.1314354734612406,2.7,2.7,2.7,29.144644841977343,62.55125103494261,45.39574157339808,116.98779890602658,241.60671181252206,182.33080036554185,PONDICHERRY,Open Well
153,14.0,28.0,30.0,29.0,6.2,6.7,6.5,159.0,185.0,172.0,1.7639205023227498,2.479887309506088,2.1248525952754185,0.7,0.7,0.7,30.23595428316351,62.49666906171878,45.86851513569471,110.74001705939183,248.684937620546,182.55256178729255,PONDICHERRY,Open Well
154,14.0,30.0,30.0,30.0,7.1,7.1,7.1,2240.0,2240.0,2240.0,1.803887560623629,2.4190183299973826,2.1203522092329856,3.1385162436682474,4.164728502909432,3.6725202875239114,28.589453143477925,61.482037687692255,44.54206835312272,124.93825796999708,241.744684776437,185.12711385316473,PONDICHERRY,Ground Water
155,14.0,30.0,34.0,32.0,7.1,7.3,7.2,628.0,712.0,670.0,1.771546226738607,2.4690965123455144,2.1308323746952635,0.3,0.3,0.3,26.661289614163117,64.54630690090795,45.22971396954894,123.93613568089965,233.93664298326203,182.62222128747837,PONDICHERRY,Ground Water
156,14.0,29.0,32.0,30.0,8.1,9.0,8.6,521.0,860.0,700.0,3.0,5.0,4.3,0.1,12.9,6.5,24.3308228416847,73.26677450037738,44.96283490569144,155.09084367947366,263.4595710442216,188.48884668072705,PONDICHERRY,Surface Water
157,14.0,28.0,30.0,29.0,6.2,6.9,6.6,382.0,383.0,383.0,1.7670944792124914,2.4868054277015634,2.126244846616382,2.0,2.0,2.0,30.331842973711314,61.99194523657627,45.683316029614815,112.54783686559766,246.91376038626063,182.49136555402754,PONDICHERRY,Ground Water
158,14.0,30.0,30.0,30.0,6.3,6.6,6.5,460.0,506.0,483.0,1.7740214836266548,2.4514434352697747,2.118495386682685,3.9,3.9,3.9,28.758536942931244,64.11843840068852,45.99013665282048,121.10912131775557,233.19553304101257,181.42334140375283,PONDICHERRY,Ground Water
159,14.0,32.0,35.0,33.0,6.8,7.6,7.2,1380.0,1385.0,1383.0,1.7866760436242015,2.4815917441069244,2.1336808992000567,0.1,0.1,0.1,25.77580841705967,66.57150492958749,45.87046829388081,133.05125310441935,222.56739174434344,183.1033759488216,PONDICHERRY,Ground Water
160,14.0,37.0,37.0,37.0,6.9,6.9,6.9,251.0,251.0,251.0,1.7869641961665126,2.427912791266868,2.1211746755839775,2.8,2.8,2.8,20.254460917084753,75.30434771788345,47.3320984383951,154.50597564943087,186.188531848654,178.92229114855766,PONDICHERRY,Ground Water
161,14.0,28.0,30.0,29.0,8.3,8.3,8.3,1636.0,1838.0,1737.0,1.774486438310248,2.4594002165527518,2.130769956184135,0.2,0.2,0.2,29.887618986134353,55.69931209572763,42.7355365186507,108.73421881130442,260.0526475082036,185.7785559598307,PONDICHERRY,Ground Water
162,14.0,26.0,31.0,28.0,7.9,8.1,8.0,1461.0,1603.0,1532.0,1.7724007367304748,2.468641362658505,2.132368018302176,0.1,0.1,0.1,31.1799852655714,55.01450861184566,42.97135545458243,104.17604449344152,265.5859942447783,185.64676590666755,PONDICHERRY,Ground Water
163,5.0,25.009398095445935,27.803439161938048,26.568399656212588,7.0,8.1,7.5,960.0,1886.0,1603.0,39.0,38.5,38.5,8.1,82.6,46.55,0.7494305230033245,141.42554617016685,48.21495729599542,481.1159197907858,232.30745535744083,204.62612612896206,DAMAN AND DIU,Open Well
164,10.0,30.0,30.0,30.0,8.5,8.5,8.5,457.0,457.0,457.0,3.0,3.0,3.0,0.1,0.1,0.1,25.0,25.0,25.0,225.0,225.0,225.0,MAHARASHTRA,Ground Water
165,10.0,30.0,30.0,30.0,8.5,8.5,8.5,7234.0,7234.0,7234.0,7.0,7.0,7.0,2.6,2.6,2.6,70.0,70.0,70.0,550.0,550.0,550.0,MAHARASHTRA,Ground Water
166,10.0,27.0,27.0,27.0,7.5,7.5,7.5,1086.0,1086.0,1086.0,3.4,3.4,3.4,0.1,0.1,0.1,13.0,13.0,13.0,170.0,170.0,170.0,MAHARASHTRA,Ground Water
167,10.0,28.0,28.0,28.0,8.1,8.1,8.1,1019.0,1019.0,1019.0,6.0,6.0,6.0,0.7,0.7,0.7,25.0,25.0,25.0,350.0,350.0,350.0,MAHARASHTRA,Ground Water
168,10.0,27.0,28.0,28.0,7.6,7.7,7.7,1700.0,4966.0,3333.0,2.0,4.0,3.0,3.7,8.4,6.05,2.0,30.0,16.0,5.0,350.0,178.0,MAHARASHTRA,Ground Water
169,10.0,29.0,29.0,29.0,7.3,7.3,7.3,1874.0,1874.0,1874.0,9.0,9.0,9.0,5.1,5.1,5.1,26.0,26.0,26.0,58.0,58.0,58.0,MAHARASHTRA,Ground Water
170,10.0,25.0,25.0,25.0,7.1,7.2,7.2,396.0,396.0,396.0,4.1,4.1,4.1,1.8,8.0,4.9,0.1,14.0,7.05,14.0,35.0,24.5,MAHARASHTRA,Ground Water
171,10.0,32.0,33.0,33.0,8.0,8.0,8.0,975.0,1345.0,1160.0,5.8,7.6,6.7,0.1,0.1,0.1,25.0,225.0,125.0,225.0,900.0,563.0,MAHARASHTRA,Ground Water
172,10.0,31.0,31.0,31.0,7.8,7.8,7.8,1667.0,1667.0,1667.0,5.8,5.8,5.8,4.6,4.6,4.6,9.0,9.0,9.0,350.0,350.0,350.0,MAHARASHTRA,Ground Water
173,10.0,21.0,21.0,21.0,7.7,7.7,7.7,1045.0,1045.0,1045.0,11.0,11.0,11.0,5.3,5.3,5.3,11.0,11.0,11.0,27.0,27.0,27.0,MAHARASHTRA,Ground Water
174,10.0,22.0,22.0,22.0,7.7,7.7,7.7,1467.0,1467.0,1467.0,13.0,13.0,13.0,12.0,12.0,12.0,4.0,4.0,4.0,21.0,21.0,21.0,MAHARASHTRA,Ground Water
175,10.0,30.0,30.0,30.0,8.0,8.0,8.0,2650.0,2650.0,2650.0,6.0,6.0,6.0,0.8,0.8,0.8,33.0,33.0,33.0,170.0,170.0,170.0,MAHARASHTRA,Ground Water
176,10.0,22.0,22.0,22.0,7.6,7.6,7.6,1300.0,1300.0,1300.0,11.0,10.7,10.7,5.0,5.0,5.0,11.0,11.0,11.0,27.0,27.0,27.0,MAHARASHTRA,Ground Water
177,10.0,24.0,24.0,24.0,6.1,6.1,6.1,8687.0,8687.0,8687.0,1.6,1.6,1.6,5.0,5.0,5.0,2.0,2.0,2.0,6.0,6.0,6.0,MAHARASHTRA,Ground Water
178,10.0,21.0,21.0,21.0,8.0,8.0,8.0,1526.0,1526.0,1526.0,6.0,6.0,6.0,10.2,10.2,10.2,22.0,22.0,22.0,70.0,70.0,70.0,MAHARASHTRA,Ground Water
179,10.0,32.0,32.0,32.0,7.8,7.8,7.8,704.0,704.0,704.0,7.0,7.0,7.0,13.1,13.1,13.1,2.0,2.0,2.0,4.0,4.0,4.0,MAHARASHTRA,Ground Water
180,10.0,32.0,32.0,32.0,8.3,8.3,8.3,621.0,621.0,621.0,8.0,8.0,8.0,3.3,3.3,3.3,110.0,110.0,110.0,280.0,280.0,280.0,MAHARASHTRA,Ground Water
181,10.0,23.0,23.0,23.0,7.8,7.8,7.8,761.0,761.0,761.0,6.0,6.0,6.0,0.7,0.7,0.7,2.0,2.0,2.0,4.0,4.0,4.0,MAHARASHTRA,Ground Water
182,10.0,27.0,27.0,27.0,7.9,7.9,7.9,3429.0,3429.0,3429.0,2.0,2.0,2.0,4.7,4.7,4.7,31.163571991727547,52.10660035521595,41.65883297899074,121.63598841595355,256.9027020551906,189.65727739653923,MAHARASHTRA,Ground Water
183,10.0,21.0,21.0,21.0,8.0,8.0,8.0,766.0,766.0,766.0,1.8,1.8,1.8,4.7,4.7,4.7,37.1233378174725,45.00600320639438,40.905656245444945,83.78797562575679,300.29341982986017,188.3536289238326,MAHARASHTRA,Ground Water
184,10.0,24.0,24.0,24.0,6.1,6.1,6.1,8687.0,8687.0,8687.0,1.6,1.6,1.6,5.0,5.0,5.0,2.0,2.0,2.0,6.0,6.0,6.0,MAHARASHTRA,Ground Water
185,10.0,24.0,24.0,24.0,6.2,6.2,6.2,2631.0,2631.0,2631.0,1.8,1.8,1.8,5.1,5.1,5.1,9.0,9.0,9.0,140.0,140.0,140.0,MAHARASHTRA,Ground Water
186,10.0,29.0,29.0,29.0,7.9,7.9,7.9,1830.0,1830.0,1830.0,27.0,26.8,26.8,0.7,0.7,0.7,9.0,9.0,9.0,350.0,350.0,350.0,MAHARASHTRA,Open Well
187,10.0,28.0,28.0,28.0,7.4,7.4,7.4,2100.0,2100.0,2100.0,5.0,5.0,5.0,0.7,0.7,0.7,9.0,9.0,9.0,350.0,350.0,350.0,MAHARASHTRA,Open Well
188,10.0,33.0,33.0,33.0,7.7,7.7,7.7,1268.0,1268.0,1268.0,7.8,7.8,7.8,2.0,2.0,2.0,27.0,27.0,27.0,180.0,180.0,180.0,MAHARASHTRA,Ground Water
189,6.0,27.0,29.0,28.0,7.3,7.5,7.4,1550.0,1650.0,1600.0,2.0,3.0,2.5,2.2,2.2,2.2,2.0,2.0,2.0,5.0,5.0,5.0,GUJARAT,Open Well
190,6.0,29.0,32.0,31.0,7.3,7.4,7.4,1420.0,1490.0,1455.0,0.8,3.0,1.9,0.3,0.6,0.45,2.0,2.0,2.0,5.0,5.0,5.0,GUJARAT,Open Well
191,6.0,26.0,26.0,26.0,7.2,7.2,7.2,1486.0,1486.0,1486.0,0.9,0.9,0.9,0.1,0.1,0.1,30.597609095881573,56.00143731257546,43.03526811170112,117.41435710368673,266.20122860586275,191.44110546369936,GUJARAT,Ground Water
192,6.0,28.0,28.0,28.0,7.5,7.5,7.5,1578.0,4810.0,3194.0,0.7,0.9,0.8,0.1,0.1,0.1,3.0,3.0,3.0,5.0,5.0,5.0,GUJARAT,Ground Water
193,6.0,28.0,28.0,28.0,7.6,7.8,7.7,1520.0,2380.0,1950.0,0.7,10.0,5.35,0.1,0.1,0.1,4.0,4.0,4.0,7.0,7.0,7.0,GUJARAT,Ground Water
194,6.0,28.0,28.0,28.0,7.2,7.2,7.2,2390.0,2390.0,2390.0,10.0,10.0,10.0,6.2,6.2,6.2,2.0,2.0,2.0,5.0,5.0,5.0,GUJARAT,Ground Water
195,6.0,23.0,28.0,26.0,7.5,7.5,7.5,1190.0,1450.0,1320.0,2.2,6.0,4.1,7.9,8.4,8.15,2.0,2.0,2.0,5.0,5.0,5.0,GUJARAT,Ground Water
196,6.0,27.0,28.0,28.0,7.3,7.7,7.5,1530.0,3250.0,2390.0,1.8,2.0,1.9,5.0,5.6,5.3,2.0,2.0,2.0,5.0,5.0,5.0,GUJARAT,Ground Water
197,6.0,29.0,29.0,29.0,7.2,7.3,7.3,1470.0,1560.0,1515.0,2.0,2.1,2.05,7.7,9.2,8.45,2.0,2.0,2.0,5.0,5.0,5.0,GUJARAT,Ground Water
198,6.0,24.0,24.0,24.0,7.6,7.6,7.6,2200.0,2200.0,2200.0,7.1,7.1,7.1,2.4320595241902394,5.617246282800936,4.196647749145924,31.13862797683756,55.00961565330638,41.8203864966248,142.87840316304897,255.88628543071556,190.83979455167818,GUJARAT,Ground Water
199,6.0,27.0,27.0,27.0,7.9,7.9,7.9,1893.0,1893.0,1893.0,0.4,0.4,0.4,3.799977481562906,3.705404570401905,3.6671463977579046,20.8033436956875,60.15972332469093,39.93100133662204,3.0,3.0,3.0,GUJARAT,Ground Water
200,6.0,26.0,27.0,27.0,7.7,7.7,7.7,1107.0,1107.0,1107.0,0.7,0.8,0.75,3.62815538718377,4.135101973831307,3.7483446898055846,20.504221186792062,61.04107774891551,40.132600350752774,4.0,4.0,4.0,GUJARAT,Ground Water
201,6.0,24.0,24.0,24.0,7.4,7.4,7.4,1900.0,1900.0,1900.0,14.0,14.0,14.0,1.1033511266039489,7.842196951927622,4.7760366885760455,29.61176370213918,60.28050019867855,42.43398860888641,178.24267820860769,229.620946670692,188.3239842043458,GUJARAT,Ground Water
202,6.0,30.0,30.0,30.0,7.2,7.2,7.2,507.0,507.0,507.0,0.8,0.8,0.8,2.0,2.0,2.0,0.0,0.0,0.0,70.0,70.0,70.0,GUJARAT,Ground Water
203,6.0,29.0,29.0,29.0,7.8,7.8,7.8,11490.0,11490.0,11490.0,0.3,0.3,0.3,0.5,0.5,0.5,28.0,28.0,28.0,210.0,210.0,210.0,GUJARAT,Ground Water
204,6.0,29.0,29.0,29.0,8.5,8.5,8.5,1480.0,1480.0,1480.0,0.8,0.8,0.8,0.4,0.4,0.4,4.0,4.0,4.0,15.0,15.0,15.0,GUJARAT,Ground Water
205,6.0,29.0,29.0,29.0,8.6,8.6,8.6,960.0,960.0,960.0,0.5,0.5,0.5,1.7,1.7,1.7,4300.0,4300.0,4300.0,9300.0,9300.0,9300.0,GUJARAT,Ground Water
206,6.0,29.0,29.0,29.0,7.5,7.5,7.5,1790.0,1790.0,1790.0,1.7,1.7,1.7,2.8,2.8,2.8,2.0,2.0,2.0,5.0,5.0,5.0,GUJARAT,Open Well
207,6.0,28.0,29.0,29.0,7.6,8.2,7.9,1340.0,1950.0,1645.0,0.4,11.0,5.7,0.4,1.7,1.05,2.0,9.0,5.5,5.0,21.0,13.0,GUJARAT,Open Well
208,6.0,29.0,29.0,29.0,7.6,7.6,7.6,3130.0,3130.0,3130.0,2.3,2.3,2.3,2.2,2.2,2.2,2.0,2.0,2.0,5.0,5.0,5.0,GUJARAT,Open Well
209,6.0,29.0,29.0,29.0,8.3,8.3,8.3,1140.0,1140.0,1140.0,1.2,1.2,1.2,0.6,0.6,0.6,23.0,23.0,23.0,150.0,150.0,150.0,GUJARAT,Bore Well
210,6.0,29.0,29.0,29.0,7.8,7.8,7.8,11300.0,11300.0,11300.0,1.0,1.0,1.0,0.8,0.8,0.8,9.0,9.0,9.0,23.0,23.0,23.0,GUJARAT,Open Well
211,6.0,30.0,30.0,30.0,7.9,7.9,7.9,7740.0,7740.0,7740.0,2.3,2.3,2.3,0.5,0.5,0.5,9.0,9.0,9.0,23.0,23.0,23.0,GUJARAT,Open Well
212,6.0,28.0,28.0,28.0,8.4,8.4,8.4,2040.0,2040.0,2040.0,1.2,1.2,1.2,0.5,0.5,0.5,3.0,3.0,3.0,20.0,20.0,20.0,GUJARAT,Open Well
213,6.0,29.0,29.0,29.0,8.5,8.5,8.5,508.0,508.0,508.0,0.8,0.8,0.8,0.2,0.2,0.2,2.0,2.0,2.0,3.0,3.0,3.0,GUJARAT,Ground Water
214,6.0,28.0,28.0,28.0,8.1,8.1,8.1,2110.0,2110.0,2110.0,1.6,1.6,1.6,0.3,0.3,0.3,3.0,3.0,3.0,20.0,20.0,20.0,GUJARAT,Open Well
215,6.0,30.0,30.0,30.0,8.1,8.1,8.1,331.0,331.0,331.0,0.7,0.7,0.7,3.4,3.4,3.4,0.0,0.0,0.0,40.0,40.0,40.0,GUJARAT,Open Well
216,6.0,25.0,30.0,28.0,7.2,7.7,7.45,1600.0,2640.0,2120.0,2.0,2.0,2.0,0.1,0.1,0.1,4.0,4.0,4.0,7.0,7.0,7.0,GUJARAT,Open Well
217,6.0,29.0,29.0,29.0,7.3,7.3,7.3,3660.0,3660.0,3660.0,2.3,2.3,2.3,2.5,2.5,2.5,2.0,2.0,2.0,5.0,5.0,5.0,GUJARAT,Bore Well
218,6.0,30.0,30.0,30.0,7.7,7.7,7.7,2130.0,2130.0,2130.0,5.1,5.1,5.1,2.8,2.8,2.8,2.0,2.0,2.0,5.0,5.0,5.0,GUJARAT,Bore Well
219,6.0,30.0,30.0,30.0,7.1,7.1,7.1,3500.0,3500.0,3500.0,13.0,13.0,13.0,1.3,1.3,1.3,2.0,2.0,2.0,5.0,5.0,5.0,GUJARAT,Open Well
220,16.0,20.0,25.0,23.0,7.1,8.7,7.9,5500.0,31000.0,18250.0,5.7,21.2,13.4,0.2,0.9,0.5,7.0,14.0,11.0,150.0,210.0,180.0,RAJASTHAN,Open Well
221,16.0,21.0,26.0,24.0,7.9,8.04,8.0,8600.0,31000.0,19800.0,1.6,11.5,6.6,0.1,11.8,6.0,3.0,3.0,3.0,20.0,28.0,24.0,RAJASTHAN,Open Well
222,16.0,25.0,27.0,26.0,7.0,7.36,7.2,3200.0,12100.0,7650.0,4.1,6.5,5.3,0.1,0.5,0.3,4.0,7.0,6.0,150.0,1100.0,625.0,RAJASTHAN,Open Well
223,16.0,28.0,32.0,30.0,7.3,8.41,7.8,820.0,1800.0,1310.0,0.4,0.8,0.6,0.5,0.6,0.5,3.0,3.0,3.0,4.0,9.0,7.0,RAJASTHAN,Ground Water
224,16.0,29.0,32.0,30.0,7.6,8.07,7.8,890.0,1000.0,945.0,1.3,1.5,1.4,0.2,3.4,1.8,3.0,3.0,3.0,4.0,7.0,6.0,RAJASTHAN,Open Well
225,16.0,24.0,25.0,25.0,7.5,8.38,7.9,2500.0,5400.0,3950.0,1.1,1.2,1.1,0.4,3.4,1.9,3.0,3.0,3.0,4.0,7.0,6.0,RAJASTHAN,Open Well
226,16.0,28.0,28.0,28.0,8.1,8.36,8.2,680.0,3200.0,1940.0,0.2,1.6,0.9,0.4,3.4,1.9,3.0,3.0,3.0,7.0,9.0,8.0,RAJASTHAN,Open Well
227,16.0,28.0,29.0,29.0,8.0,8.42,8.2,680.0,1000.0,840.0,0.3,0.8,0.6,0.6,3.2,1.9,3.0,3.0,3.0,7.0,7.0,7.0,RAJASTHAN,Open Well
228,16.0,28.0,28.0,28.0,8.0,8.68,8.4,690.0,1400.0,1045.0,0.1,0.8,0.5,0.4,3.4,1.9,3.0,3.0,3.0,4.0,4.0,4.0,RAJASTHAN,Open Well
229,16.0,28.0,29.0,29.0,8.1,8.45,8.3,680.0,1100.0,890.0,0.4,2.8,1.6,0.1,3.2,1.6,3.0,4.0,4.0,4.0,14.0,9.0,RAJASTHAN,Open Well
230,16.0,28.0,28.0,28.0,8.2,8.81,8.5,560.0,1260.0,910.0,0.3,3.2,1.7,0.4,2.6,1.5,3.0,4.0,4.0,4.0,14.0,9.0,RAJASTHAN,Open Well
231,16.0,28.0,30.0,29.0,8.1,8.64,8.4,880.0,2900.0,1890.0,0.1,1.6,0.9,21.7,21.7,21.7,3.0,3.0,3.0,4.0,4.0,4.0,RAJASTHAN,Ground Water
232,16.0,24.0,29.0,27.0,7.3,8.46,7.9,1260.0,1800.0,1530.0,0.5,1.4,0.9,0.4,0.4,0.4,3.0,4.0,4.0,7.0,20.0,14.0,RAJASTHAN,Open Well
233,16.0,29.0,29.0,29.0,7.7,8.67,8.2,690.0,1900.0,1295.0,0.4,0.5,0.5,0.2,0.4,0.3,3.0,3.0,3.0,4.0,2400.0,1202.0,RAJASTHAN,Open Well
234,16.0,26.0,26.0,26.0,7.3,8.44,7.9,770.0,1000.0,885.0,0.2,0.3,0.2,0.3,0.3,0.3,3.0,7.0,5.0,4.0,20.0,12.0,RAJASTHAN,Open Well
235,16.0,27.0,28.0,28.0,7.5,8.85,8.2,3100.0,3300.0,3200.0,0.2,0.4,0.3,0.2,0.6,0.4,3.0,4.0,4.0,4.0,75.0,40.0,RAJASTHAN,Ground Water
236,16.0,28.0,29.0,29.0,8.0,8.75,8.4,1160.0,2100.0,1630.0,0.5,0.7,0.6,0.4,0.5,0.4,3.0,4.0,4.0,4.0,2400.0,1202.0,RAJASTHAN,Open Well
237,16.0,26.0,28.0,27.0,7.5,8.4,8.0,1380.0,2200.0,1790.0,0.4,0.7,0.6,0.3,0.5,0.4,3.0,3.0,3.0,4.0,150.0,77.0,RAJASTHAN,Ground Water
238,16.0,26.0,27.0,27.0,7.2,7.43,7.3,3800.0,4200.0,4000.0,1.3,3.1,2.2,0.5,0.7,0.6,4.0,20.0,12.0,210.0,240.0,225.0,RAJASTHAN,Ground Water
239,16.0,26.0,27.0,26.0,7.0,7.54,7.3,2900.0,3900.0,3400.0,0.5,1.0,0.8,0.2,0.3,0.3,7.0,7.0,7.0,28.0,2400.0,1214.0,RAJASTHAN,Ground Water
240,16.0,25.0,28.0,26.0,7.4,7.36,7.4,2900.0,3800.0,3350.0,0.4,0.6,0.5,0.2,0.5,0.3,11.0,14.0,13.0,150.0,2400.0,1275.0,RAJASTHAN,Ground Water
241,16.0,26.0,27.0,27.0,7.6,7.71,7.7,6500.0,9000.0,7750.0,1.6,2.9,2.2,0.5,8.3,4.4,7.0,7.0,7.0,150.0,460.0,305.0,RAJASTHAN,Ground Water
242,16.0,25.0,28.0,27.0,7.2,8.6,7.9,1140.0,1400.0,1270.0,1.2,1.9,1.5,0.4,1.0,0.7,4.0,4.0,4.0,14.0,20.0,17.0,RAJASTHAN,Ground Water
243,16.0,26.0,29.0,28.0,7.1,8.56,7.8,1510.0,1520.0,1515.0,0.2,1.3,0.8,0.5,10.3,5.4,3.0,3.0,3.0,4.0,7.0,6.0,RAJASTHAN,Ground Water
244,16.0,25.0,28.0,27.0,7.3,8.7,8.0,990.0,1900.0,1445.0,0.6,1.2,0.9,0.4,5.1,2.7,3.0,3.0,3.0,4.0,7.0,6.0,RAJASTHAN,Ground Water
245,16.0,26.0,29.0,28.0,7.1,8.3,7.7,1790.0,3000.0,2395.0,0.2,0.5,0.3,0.5,10.0,5.2,3.0,3.0,3.0,4.0,4.0,4.0,RAJASTHAN,Ground Water
246,16.0,24.0,29.0,27.0,7.4,7.69,7.5,1900.0,3100.0,2500.0,1.5,1.7,1.6,0.2,6.0,3.1,4.0,4.0,4.0,7.0,14.0,11.0,RAJASTHAN,Ground Water
247,16.0,27.0,28.0,28.0,7.0,8.29,7.7,2600.0,3600.0,3100.0,0.2,0.4,0.3,0.1,0.4,0.3,4.0,4.0,4.0,14.0,14.0,14.0,RAJASTHAN,Ground Water
248,16.0,25.0,26.0,26.0,6.9,8.51,7.7,2000.0,3200.0,2600.0,0.2,0.5,0.4,0.2,0.3,0.3,3.0,3.0,3.0,4.0,28.0,16.0,RAJASTHAN,Ground Water
249,16.0,26.0,28.0,27.0,7.7,8.56,8.1,640.0,760.0,700.0,0.1,0.4,0.3,0.1,0.3,0.2,3.0,3.0,3.0,4.0,20.0,12.0,RAJASTHAN,Ground Water
250,16.0,27.0,27.0,27.0,7.9,8.82,8.3,590.0,700.0,645.0,0.1,2.0,1.0,0.3,0.4,0.3,4.0,4.0,4.0,14.0,14.0,14.0,RAJASTHAN,Ground Water
251,16.0,27.0,30.0,29.0,7.8,8.58,8.2,630.0,850.0,740.0,0.5,1.6,1.0,0.3,0.5,0.4,3.0,4.0,4.0,4.0,14.0,9.0,RAJASTHAN,Ground Water
252,16.0,24.0,26.0,25.0,7.7,7.85,7.8,920.0,1320.0,1120.0,0.1,0.8,0.5,1.1,14.0,7.6,3.0,7.0,5.0,9.0,1100.0,555.0,RAJASTHAN,Ground Water
253,16.0,26.0,27.0,27.0,7.3,7.5,7.4,1800.0,2700.0,2250.0,0.1,0.2,0.1,0.5,1.0,0.8,3.0,4.0,4.0,4.0,28.0,16.0,RAJASTHAN,Ground Water
254,16.0,26.0,26.0,26.0,7.8,7.86,7.8,910.0,1110.0,1010.0,0.2,0.2,0.2,1.8,14.0,7.9,3.0,4.0,4.0,20.0,75.0,48.0,RAJASTHAN,Ground Water
255,16.0,26.0,27.0,27.0,7.1,7.94,7.5,5100.0,5200.0,5150.0,0.2,0.6,0.4,0.5,0.6,0.5,3.0,4.0,4.0,9.0,20.0,15.0,RAJASTHAN,Ground Water
256,16.0,25.0,26.0,26.0,7.2,7.37,7.3,2100.0,2200.0,2150.0,0.2,0.4,0.3,0.4,0.7,0.6,4.0,7.0,6.0,9.0,1100.0,555.0,RAJASTHAN,Ground Water
257,19.0,24.0,24.0,24.0,6.8,6.8,6.8,1216.0,1216.0,1216.0,1.8,1.8,1.8,3.2,3.2,3.2,40.0,40.0,40.0,120.0,120.0,120.0,UTTAR PRADESH,Ground Water
258,19.0,26.0,26.0,26.0,6.8,6.8,6.8,916.0,916.0,916.0,4.4,4.4,4.4,2.7657384783123504,4.789654422688597,3.861465221661918,20.0,20.0,20.0,60.0,60.0,60.0,UTTAR PRADESH,Ground Water
259,19.0,26.073207111545944,26.842228437439534,26.500447971206,7.3,7.3,7.3,778.0,778.0,778.0,1.7955822052792665,2.426857023237471,2.1214493702011317,3.1188905579027546,4.024301326434729,3.591590554477036,34.1532930335623,54.795763047271045,44.00456518573728,85.80672836600328,277.2539552331686,181.540818712813,UTTAR PRADESH,Ground Water
260,19.0,26.147168439319884,26.73623789591827,26.47458499116299,6.7,6.7,6.7,1834.0,1834.0,1834.0,1.803828095027901,2.4175686877792435,2.118765114163024,3.092036936307912,3.939963578761911,3.582374222375599,34.76916929927073,54.8964393338718,44.399627144246594,89.34621753060053,274.7685290750587,182.74230104647543,UTTAR PRADESH,Ground Water
261,19.0,26.16054807674919,26.73292220496216,26.499848249978587,7.1,7.1,7.1,2782.0,2782.0,2782.0,1.8036480498374723,2.415899716386706,2.1188676050288326,3.158588513429975,3.7363182020459176,3.5419090371407083,35.010315532578055,52.43800270508097,43.5071628929008,89.75006501349549,277.0276163711941,184.1916894713842,UTTAR PRADESH,Ground Water
262,19.0,26.09564872513299,26.803272098698347,26.47976829645913,6.9,6.9,6.9,774.0,774.0,774.0,1.7988006588365444,2.424033883183521,2.120382871815552,3.0801385023381243,4.079449250675754,3.6054217930628742,34.284564177652896,55.88773161641026,44.53754965860333,86.9820276979426,275.3389459507829,181.3773598006759,UTTAR PRADESH,Ground Water
263,19.0,22.0,22.0,22.0,7.1,7.2,7.2,561.0,712.0,637.0,1.7776642023140923,2.4369239977271873,2.1155762797896047,7.6,7.6,7.6,39.60030614931506,46.498835172313775,42.8716594009566,66.17795397318989,296.77005834680534,180.82214558215182,UTTAR PRADESH,Ground Water
264,19.0,22.0,28.0,25.0,6.9,7.2,7.1,1012.0,1024.0,1018.0,1.762856561495715,2.449639005300255,2.1166725023605855,11.4,11.4,11.4,36.73788670947832,49.679767064920604,42.93915989628016,84.33598790030152,274.1655214052595,179.10355711254073,UTTAR PRADESH,Ground Water
265,19.0,25.86556382714673,27.056586292335858,26.508597761604975,7.2,7.5,7.4,152.0,170.0,161.0,1.7710896351728238,2.452529189262743,2.1196502605222864,2.8591071314102434,4.5671744591320795,3.672329796641924,33.99685101560376,56.09701347779969,44.30124933525877,86.34317206482821,278.7063271044278,181.03736198191214,UTTAR PRADESH,Ground Water
266,19.0,25.889619259968725,27.016298841512057,26.488546224570104,6.8,7.1,7.0,194.0,195.0,195.0,1.7750248155677069,2.448639656555726,2.118339480942412,2.8176756934167715,4.604193627426847,3.6826111553303735,34.14645552880985,57.13183406577697,44.82024198622919,87.6036338978254,276.88374899369865,180.93325149063367,UTTAR PRADESH,Ground Water
267,19.0,30.0,30.0,30.0,7.5,7.5,7.5,1150.0,1150.0,1150.0,1.7982241617782921,2.4147948363842815,2.1188490294661175,3.220482789620685,4.048504876953744,3.596416565790869,0.0,0.0,0.0,0.0,0.0,0.0,UTTAR PRADESH,Bore Well
268,19.0,30.0,30.0,30.0,7.5,7.5,7.5,740.0,740.0,740.0,1.7967509809328315,2.4166807320042896,2.1192599776497363,3.209471241463011,4.106114231210413,3.606698807086332,0.0,0.0,0.0,0.0,0.0,0.0,UTTAR PRADESH,Ground Water
269,19.0,22.0,30.0,26.0,7.8,7.8,7.8,750.0,756.0,753.0,0.4,0.4,0.4,3.019057304099886,5.134994096395631,3.7974853786968863,0.0,0.0,0.0,11.0,16.0,13.5,UTTAR PRADESH,Bore Well
270,19.0,22.0,29.0,26.0,7.7,7.8,7.8,870.0,876.0,873.0,0.6,0.8,0.7,2.958316991093821,5.065891205298231,3.773281730395747,0.0,0.0,0.0,14.0,18.0,16.0,UTTAR PRADESH,Bore Well
271,19.0,29.0,29.0,29.0,7.5,7.5,7.5,238.0,238.0,238.0,0.8,0.8,0.8,3.4231597824594124,4.0447953384757955,3.634402258872915,0.0,0.0,0.0,20.0,20.0,20.0,UTTAR PRADESH,Bore Well
272,19.0,26.00410258486398,26.953619061515774,26.554780337929003,7.0,7.4,7.2,3610.0,4191.0,3901.0,1.7957066967853927,2.466383776156162,2.1311443307833984,2.874016940279553,4.403264563103204,3.6750733925702064,35.23668024820107,51.750229032272564,43.16474223918748,93.51880529862967,280.10122280244246,186.17513358306346,UTTAR PRADESH,Ground Water
273,19.0,25.981242467223066,26.968371996780903,26.5295326080228,7.3,7.5,7.4,980.0,1305.0,1143.0,1.789832034992605,2.4553058337835005,2.128411125959852,2.973098898690361,4.393694046668367,3.665646317156012,34.15234973007192,54.62291415107168,43.84096434923151,87.19732862393552,279.0499402207828,182.2930199282579,UTTAR PRADESH,Ground Water
274,19.0,25.834019548550636,27.20222764968081,26.569945507541842,7.0,7.6,7.3,721.0,1065.0,893.0,1.7924197373539177,2.479822535368643,2.1337327686535823,2.646307540019646,5.075103120454723,3.7807843918352835,34.209653813630254,56.09914350597079,44.28829471619342,89.65974583865788,279.79555186711144,182.29127561730317,UTTAR PRADESH,Ground Water
275,19.0,25.745163639110384,27.14883958808685,26.52779030989527,7.0,7.5,7.3,1282.0,2792.0,2037.0,1.7432293845660634,2.5366024198183506,2.1406168132928864,2.7233540272254553,5.2254003344361415,3.845198162555771,34.05446514553674,54.986530270435736,43.82044971976704,89.98959503809375,281.39745230974626,183.81172508532964,UTTAR PRADESH,Ground Water
276,19.0,26.04449621292723,26.857774209909127,26.511341544942304,7.5,7.5,7.5,1138.6010429376306,1607.044221086772,1373.0589182916885,1.7846435213664746,2.451134389573623,2.1278304235431076,3.147388648234156,4.097205457176766,3.621177109161588,34.07235803874298,53.68226827155483,43.50917942496891,85.84132277967963,279.068471811833,182.45867198729664,UTTAR PRADESH,Ground Water
277,19.0,25.0,25.0,25.0,6.7,6.7,6.7,1745.0,1745.0,1745.0,1.806439730073635,2.415879725260228,2.1186308537601697,3.195489039634162,3.624748697650774,3.528834425996575,36.414476925903834,52.451697325210745,44.1290702871411,81.14625647496231,283.4241976936732,182.98845881925112,UTTAR PRADESH,Ground Water
278,19.0,26.050165863564356,26.847969292086642,26.506170578390556,7.4,7.4,7.4,1138.63385025231,1607.0623247781289,1373.0772005112376,1.7854491582402692,2.4504221636153583,2.1275620773639035,3.1377800895929453,4.110910517407056,3.6246133433252288,34.10567752337643,53.95365428150166,43.642034472760095,86.1369632265879,278.5883627630694,182.41903497271346,UTTAR PRADESH,Ground Water
279,19.0,26.0,27.0,27.0,6.9,6.9,6.9,1254.0,6550.0,3902.0,1.6769677030694803,2.7073729733942877,2.1914455692516164,3.1051630353542232,5.845693661740812,4.1335962244807,32.33297992838186,55.03126113179173,43.29384716056682,90.0106662213309,281.31721753286155,185.8323655371425,UTTAR PRADESH,Ground Water
280,19.0,26.0,26.0,26.0,6.3,6.3,6.3,1153.0,1153.0,1153.0,1.8072645051565266,2.4151624024668044,2.1179228289137546,3.1124878030201475,3.8788742603446744,3.5786142458159627,35.13117144252824,56.206046086274775,45.155000152385206,86.87098115972186,274.2373216370065,181.6811738918807,UTTAR PRADESH,Ground Water
281,19.0,25.0,25.0,25.0,6.8,6.8,6.8,788.0,788.0,788.0,1.8026868743475428,2.4210772904286584,2.1198628950575635,3.1814271801384404,3.746916387029758,3.5499218766544582,36.00024428506949,53.56255613883922,44.362876584122276,79.19311872277362,283.5021572697259,181.71889033572296,UTTAR PRADESH,Bore Well
282,13.0,24.0,24.0,24.0,8.4,8.4,8.4,550.0,550.0,550.0,0.9,0.9,0.9,6.1,6.1,6.1,2.0,2.0,2.0,2.0,2.0,2.0,ORISSA,Ground Water
283,13.0,24.0,24.0,24.0,8.2,8.2,8.2,326.0,326.0,326.0,0.8,0.8,0.8,4.6,4.6,4.6,2.0,2.0,2.0,2.0,2.0,2.0,ORISSA,Ground Water
284,13.0,25.0,25.0,25.0,8.0,8.0,8.0,91.0,91.0,91.0,0.1,0.1,0.1,1.4,1.4,1.4,2.0,2.0,2.0,2.0,2.0,2.0,ORISSA,Ground Water
285,13.0,24.0,24.0,24.0,7.7,7.7,7.7,301.0,301.0,301.0,0.9,0.9,0.9,0.2,0.2,0.2,2.0,2.0,2.0,2.0,2.0,2.0,ORISSA,Ground Water
286,13.0,24.0,24.0,24.0,8.4,8.4,8.4,197.0,197.0,197.0,0.5,0.5,0.5,0.2,0.2,0.2,2.0,2.0,2.0,2.0,2.0,2.0,ORISSA,Ground Water
287,13.0,25.0,25.0,25.0,6.7,6.7,6.7,234.0,234.0,234.0,1.6,1.6,1.6,10.1,10.1,10.1,2.0,2.0,2.0,2.0,2.0,2.0,ORISSA,Ground Water
288,13.0,24.0,24.0,24.0,7.6,7.6,7.6,546.0,546.0,546.0,1.3,1.3,1.3,9.3,9.3,9.3,2.0,2.0,2.0,2.0,2.0,2.0,ORISSA,Ground Water
289,13.0,25.0,25.0,25.0,6.5,6.5,6.5,210.0,210.0,210.0,0.6,0.6,0.6,9.6,9.6,9.6,2.0,2.0,2.0,2.0,2.0,2.0,ORISSA,Ground Water
290,13.0,25.0,25.0,25.0,6.7,6.7,6.7,296.0,296.0,296.0,0.5,0.5,0.5,9.8,9.8,9.8,2.0,2.0,2.0,2.0,2.0,2.0,ORISSA,Ground Water
291,13.0,25.0,25.0,25.0,6.7,6.7,6.7,1147.0,1147.0,1147.0,0.7,0.7,0.7,35.1,35.1,35.1,2.0,2.0,2.0,2.0,2.0,2.0,ORISSA,Ground Water
292,13.0,24.0,24.0,24.0,8.0,8.0,8.0,160.0,160.0,160.0,0.7,0.7,0.7,7.1,7.1,7.1,2.0,2.0,2.0,2.0,2.0,2.0,ORISSA,Ground Water
293,13.0,24.0,24.0,24.0,7.6,7.6,7.6,383.0,383.0,383.0,0.7,0.7,0.7,35.2,35.2,35.2,2.0,2.0,2.0,2.0,2.0,2.0,ORISSA,Ground Water
294,13.0,25.0,25.0,25.0,7.9,7.9,7.9,1020.0,1020.0,1020.0,0.2,0.2,0.2,14.8,14.8,14.8,2.0,2.0,2.0,2.0,2.0,2.0,ORISSA,Ground Water
295,13.0,25.0,25.0,25.0,7.6,7.6,7.6,896.0,896.0,896.0,0.4,0.4,0.4,12.6,12.6,12.6,2.0,2.0,2.0,2.0,2.0,2.0,ORISSA,Ground Water
296,13.0,24.0,24.0,24.0,7.8,7.8,7.8,1145.3705924156443,1608.4698035630709,1376.5694935020074,1.7864571626801389,2.4676587158951273,2.1330370010670263,1.8,1.8,1.8,2.0,2.0,2.0,2.0,2.0,2.0,ORISSA,Surface Water
297,2.0,23.0,26.0,25.0,7.2,7.7,7.5,582.0,665.0,624.0,1.7626185933802558,2.50750075423259,2.1345518883242853,2.8485440518891,5.29808980925051,3.950923491400103,8.0,8.0,8.0,13.0,17.0,15.0,BIHAR,Ground Water
298,2.0,24.0,24.0,24.0,7.6,7.6,7.6,352.0,352.0,352.0,1.7963735974292727,2.4551264955431376,2.131258028978033,3.4591231440729713,3.954990936012603,3.7353393744755485,8.0,8.0,8.0,14.0,14.0,14.0,BIHAR,Ground Water
299,2.0,21.0,28.0,25.0,7.2,7.7,7.5,525.0,716.0,621.0,1.7467941001518519,2.5258855253172374,2.138559716840024,2.5526838366131117,6.148168489609789,4.0947565437361675,1.0,2.0,2.0,2.0,4.0,3.0,BIHAR,Ground Water
300,2.0,23.0,24.0,24.0,7.4,7.8,7.6,521.0,784.0,653.0,1.7850177462197314,2.504394077511742,2.142329655730804,3.099088695161108,4.762028846931958,3.883360178494346,1.0,2.0,2.0,2.0,4.0,3.0,BIHAR,Ground Water
301,2.0,20.0,26.0,23.0,7.4,7.7,7.6,581.0,945.0,763.0,1.740225191095108,2.5303439337256064,2.1401549246645017,0.5,0.5,0.5,2.0,4.0,3.0,4.0,7.0,6.0,BIHAR,Ground Water
302,2.0,24.0,27.0,26.0,7.9,8.0,8.0,846.0,954.0,900.0,1.7449569165465,2.4999662127557887,2.133319890207239,0.9,0.9,0.9,2.0,7.0,5.0,4.0,11.0,8.0,BIHAR,Ground Water
303,2.0,24.0,27.0,26.0,8.0,8.1,8.1,850.0,915.0,883.0,1.745892299095756,2.497788317518821,2.1328737626869674,1.0,1.0,1.0,1.0,4.0,3.0,2.0,7.0,5.0,BIHAR,Ground Water
304,2.0,22.0,24.0,23.0,8.2,8.2,8.2,568.0,568.0,568.0,1.7800803327681516,2.478711892990174,2.1371865546130255,0.1,0.1,0.1,4.0,7.0,6.0,11.0,17.0,14.0,BIHAR,Ground Water
305,2.0,22.0,23.0,23.0,8.4,8.4,8.4,452.0,468.0,460.0,1.7797802897479449,2.486756569346005,2.1387247275161334,0.9,0.9,0.9,8.0,8.0,8.0,14.0,14.0,14.0,BIHAR,Ground Water
306,2.0,21.0,29.0,25.0,7.8,7.8,7.8,362.0,371.0,367.0,1.7597434560195597,2.4947200309167177,2.1391198185589295,1.2,1.2,1.2,8.0,8.0,8.0,14.0,22.0,18.0,BIHAR,Ground Water
307,2.0,22.0,28.0,25.0,7.8,7.9,7.9,362.0,376.0,369.0,1.7435796914455932,2.4954823984839667,2.1318881503398983,1.8,1.8,1.8,13.0,13.0,13.0,17.0,23.0,20.0,BIHAR,Ground Water
308,2.0,22.0,24.0,23.0,7.5,7.8,7.7,472.0,489.0,481.0,1.7638491472167033,2.4945655753424325,2.1320734439118016,2.0,2.0,2.0,4.0,8.0,6.0,13.0,13.0,13.0,BIHAR,Ground Water
309,2.0,23.0,25.0,24.0,7.9,8.1,8.0,424.0,432.0,428.0,1.7826283804780707,2.487220497348552,2.1384165731535116,0.8,0.8,0.8,11.0,11.0,11.0,21.0,21.0,21.0,BIHAR,Ground Water
310,2.0,21.0,26.0,24.0,7.6,7.6,7.6,458.0,466.0,462.0,1.7695306355416949,2.4929500291216757,2.1384422260026303,1.8,1.8,1.8,8.0,8.0,8.0,13.0,14.0,14.0,BIHAR,Ground Water
311,2.0,22.0,25.0,24.0,8.0,8.4,8.4,438.0,442.0,440.0,1.6793863179004498,2.5285623343936696,2.1170240919501486,1.6,1.6,1.6,2.0,4.0,3.0,4.0,7.0,6.0,BIHAR,Ground Water
312,2.0,25.0,25.0,25.0,8.0,8.0,8.0,486.0,486.0,486.0,1.793491860417409,2.4554540974048154,2.1316913797975485,3.4852199760122913,3.9608934753910034,3.731658143277314,2.0,2.0,2.0,4.0,4.0,4.0,BIHAR,Ground Water
313,2.0,23.0,26.0,25.0,8.0,8.0,8.0,756.0,868.0,812.0,1.7720419451448661,2.4899697165984507,2.1385725519898413,1.9,1.9,1.9,11.0,11.0,11.0,22.0,26.0,24.0,BIHAR,Ground Water
314,2.0,24.0,27.0,26.0,8.1,8.1,8.1,504.0,536.0,520.0,1.7689220943627741,2.4861285017106742,2.1377696715841887,1.8,1.8,1.8,1.0,2.0,2.0,2.0,7.0,5.0,BIHAR,Ground Water
315,2.0,25.0,28.0,27.0,8.1,8.2,8.2,548.0,552.0,550.0,1.7449533429499788,2.492089258827271,2.1313892468705453,2.1,2.1,2.1,8.0,9.0,9.0,17.0,21.0,19.0,BIHAR,Ground Water
316,2.0,26.0,26.0,26.0,7.2,8.2,7.7,378.0,416.0,397.0,1.7899086925630618,2.5216905591746355,2.1454551053930966,1.8,1.8,1.8,1.0,2.0,2.0,2.0,4.0,3.0,BIHAR,Ground Water
317,20.0,32.0,32.0,32.0,8.1,8.4,8.3,747.0,775.0,761.0,1.1,3.0,2.1,0.4,0.4,0.4,4.0,900.0,452.0,8.0,1600.0,804.0,WEST BENGAL,Ground Water
318,20.0,33.0,33.0,33.0,7.4,7.7,7.6,984.0,988.0,986.0,0.2,1.0,0.6,0.3,0.5,0.4,9.0,14.0,12.0,33.0,34.0,34.0,WEST BENGAL,Ground Water
319,20.0,28.0,33.0,31.0,6.8,7.7,7.3,512.0,976.0,744.0,0.0,0.2,0.1,0.7,11.1,5.9,0.0,8.0,4.0,0.0,13.0,7.0,WEST BENGAL,Ground Water
320,20.0,30.0,34.0,32.0,7.3,7.4,7.4,2160.0,2180.0,2170.0,0.0,1.3,0.7,0.1,0.1,0.1,0.0,0.0,0.0,0.0,0.0,0.0,WEST BENGAL,Ground Water
321,20.0,33.0,34.0,33.0,7.3,7.6,7.5,1646.0,1838.0,1742.0,0.2,0.9,0.6,0.1,0.1,0.1,0.0,0.0,0.0,0.0,0.0,0.0,WEST BENGAL,Ground Water
322,20.0,28.0,29.0,28.0,7.7,7.9,7.8,584.0,650.0,617.0,0.7,0.8,0.8,0.1,0.1,0.1,0.0,0.0,0.0,0.0,0.0,0.0,WEST BENGAL,Ground Water
323,20.0,28.0,29.0,28.0,7.4,7.6,7.5,753.0,1069.0,911.0,0.4,0.8,0.6,0.1,0.1,0.1,0.0,0.0,0.0,0.0,0.0,0.0,WEST BENGAL,Ground Water
324,20.0,28.0,32.0,30.0,7.5,7.9,7.7,1933.0,2130.0,2032.0,1.0,1.1,1.1,0.1,0.1,0.1,0.0,2.0,1.0,0.0,4.0,2.0,WEST BENGAL,Ground Water
325,20.0,27.0,28.0,28.0,7.7,8.1,7.9,1690.0,1801.0,1746.0,0.4,1.0,0.7,0.1,0.1,0.1,0.0,8.0,4.0,0.0,13.0,7.0,WEST BENGAL,Ground Water
326,20.0,28.0,30.0,29.0,7.3,8.2,7.8,1725.0,1760.0,1743.0,0.9,1.6,1.3,0.1,0.1,0.1,2.0,2.0,2.0,4.0,4.0,4.0,WEST BENGAL,Ground Water
327,20.0,27.0,29.0,28.0,7.4,8.5,8.0,977.0,1020.0,999.0,0.4,1.2,0.8,0.1,0.1,0.1,0.0,4.0,2.0,0.0,8.0,4.0,WEST BENGAL,Ground Water
328,20.0,29.0,30.0,30.0,7.8,8.4,8.1,988.0,1002.0,995.0,1.0,1.2,1.1,0.1,0.1,0.1,2.0,2.0,2.0,4.0,8.0,6.0,WEST BENGAL,Ground Water
329,20.0,27.0,29.0,28.0,7.3,7.8,7.6,997.0,1120.0,1059.0,0.8,1.0,0.9,0.1,0.1,0.1,0.0,0.0,0.0,0.0,0.0,0.0,WEST BENGAL,Ground Water
330,20.0,28.0,29.0,29.0,7.1,7.7,7.4,990.0,993.0,992.0,0.4,0.9,0.7,0.1,0.1,0.1,0.0,0.0,0.0,0.0,0.0,0.0,WEST BENGAL,Ground Water
331,20.0,28.0,30.0,29.0,7.9,8.1,8.0,2380.0,2420.0,2400.0,0.8,2.2,1.5,0.1,0.1,0.1,14.0,220.0,117.0,17.0,280.0,149.0,WEST BENGAL,Ground Water
332,20.0,28.0,28.0,28.0,7.9,8.0,8.0,898.0,1944.0,1421.0,0.7,2.3,1.5,0.1,0.1,0.1,0.0,4.0,2.0,2.0,13.0,8.0,WEST BENGAL,Ground Water
333,20.0,27.0,28.0,28.0,7.7,7.9,7.8,1194.0,1303.0,1249.0,0.2,2.3,1.3,0.1,0.1,0.1,0.0,0.0,0.0,0.0,0.0,0.0,WEST BENGAL,Ground Water
334,20.0,27.0,28.0,28.0,7.8,7.9,7.9,2370.0,2470.0,2420.0,0.8,1.9,1.4,0.1,0.1,0.1,0.0,2.0,1.0,0.0,4.0,2.0,WEST BENGAL,Ground Water
335,20.0,29.0,30.0,29.0,7.8,8.1,8.0,1373.0,1534.0,1454.0,0.4,1.1,0.8,0.1,0.1,0.1,0.0,0.0,0.0,0.0,0.0,0.0,WEST BENGAL,Ground Water
336,20.0,23.0,27.0,25.0,7.7,8.3,8.0,1325.0,1921.0,1623.0,0.4,2.0,1.2,0.1,0.1,0.1,0.0,0.0,0.0,0.0,0.0,0.0,WEST BENGAL,Ground Water
337,20.0,27.0,29.0,28.0,7.7,7.7,7.7,2070.0,2250.0,2160.0,0.8,1.7,1.3,0.1,0.1,0.1,0.0,2.0,1.0,0.0,4.0,2.0,WEST BENGAL,Ground Water
338,20.0,28.0,32.0,30.0,8.5,8.5,8.5,2070.0,2100.0,2085.0,0.4,0.6,0.5,0.1,0.1,0.1,0.0,0.0,0.0,0.0,0.0,0.0,WEST BENGAL,Ground Water
339,20.0,28.0,28.0,28.0,7.8,8.0,7.9,386.0,456.0,421.0,0.1,0.2,0.2,0.1,0.1,0.1,0.0,0.0,0.0,0.0,0.0,0.0,WEST BENGAL,Ground Water
340,20.0,29.0,30.0,30.0,7.2,7.9,7.6,757.0,771.0,764.0,0.6,0.9,0.8,0.1,0.1,0.1,0.0,0.0,0.0,0.0,0.0,0.0,WEST BENGAL,Ground Water
341,20.0,28.0,28.0,28.0,7.4,7.7,7.6,461.0,469.0,465.0,0.6,0.9,0.8,0.1,0.1,0.1,0.0,0.0,0.0,0.0,0.0,0.0,WEST BENGAL,Ground Water
342,20.0,31.0,33.0,32.0,7.3,7.4,7.4,1648.0,1675.0,1662.0,0.2,1.1,0.7,0.1,0.1,0.1,0.0,0.0,0.0,0.0,0.0,0.0,WEST BENGAL,Ground Water
343,20.0,30.0,31.0,31.0,7.8,7.8,7.8,635.0,637.0,636.0,1.4,1.4,1.4,0.1,0.1,0.1,0.0,0.0,0.0,0.0,0.0,0.0,WEST BENGAL,Ground Water
344,20.0,29.0,30.0,30.0,7.3,7.6,7.5,133.0,141.0,137.0,0.5,1.3,0.9,0.1,0.1,0.1,0.0,0.0,0.0,0.0,0.0,0.0,WEST BENGAL,Ground Water
345,20.0,29.0,29.0,29.0,7.9,8.0,8.0,490.0,606.0,548.0,0.2,1.5,0.9,0.1,0.1,0.1,0.0,0.0,0.0,0.0,0.0,0.0,WEST BENGAL,Ground Water
